{"atlas":{"type":"mtsdf","distanceRange":12,"distanceRangeMiddle":0,"size":64,"width":151,"height":151,"yOrigin":"bottom"},"metrics":{"emSize":1,"lineHeight":1.0900000000000001,"ascender":0.80000000000000004,"descender":-0.20000000000000001,"underlineY":-0.10000000000000001,"underlineThickness":0.050000000000000003},"glyphs":[{"unicode":65,"advance":1,"planeBounds":{"left":-0.09375,"bottom":-0.3046875,"right":1.09375,"top":0.8984375},"atlasBounds":{"left":0.5,"bottom":73.5,"right":76.5,"top":150.5}},{"unicode":66,"advance":1,"planeBounds":{"left":-0.062500000000000028,"bottom":-0.2578125,"right":1.0625,"top":0.8671875},"atlasBounds":{"left":0.5,"bottom":0.5,"right":72.5,"top":72.5}},{"unicode":67,"advance":1,"planeBounds":{"left":-0.060333333333333232,"bottom":-0.2734375,"right":1.0646666666666669,"top":0.8671875},"atlasBounds":{"left":77.5,"bottom":77.5,"right":149.5,"top":150.5}}],"kerning":[]}
