{"atlas":{"type":"mtsdf","distanceRange":12,"distanceRangeMiddle":0,"size":64,"width":78,"height":78,"yOrigin":"bottom"},"metrics":{"emSize":1,"lineHeight":1.0900000000000001,"ascender":0.80000000000000004,"descender":-0.20000000000000001,"underlineY":-0.10000000000000001,"underlineThickness":0.050000000000000003},"glyphs":[{"unicode":65,"advance":1,"planeBounds":{"left":-0.094249999999999945,"bottom":-0.3046875,"right":1.0932500000000001,"top":0.8984375},"atlasBounds":{"left":0.5,"bottom":0.5,"right":76.5,"top":77.5}}],"kerning":[]}
